Student_Index,Is_Tracked,Notes
3381,1.0,Notify Tutors
2407,1.0,Notify Tutors
3808,1.0,Notify Tutors
1210,1.0,Notify Tutors
2,1.0,Notify Tutors
7,1.0,Notify Tutors
9,1.0,Notify Tutors
12,1.0,Notify Tutors
15,1.0,Notify Tutors
16,1.0,Notify Tutors
32,1.0,Notify Tutors
35,1.0,Notify Tutors
36,1.0,Notify Tutors
37,1.0,Notify Tutors
39,1.0,Notify Tutors
40,1.0,Notify Tutors
43,1.0,Notify Tutors
44,1.0,Notify Tutors
45,1.0,Notify Tutors
52,1.0,Notify Tutors
56,1.0,Notify Tutors
63,1.0,Notify Tutors
64,1.0,Notify Tutors
65,1.0,Notify Tutors
70,1.0,Notify Tutors
73,1.0,Notify Tutors
76,1.0,Notify Tutors
81,1.0,Notify Tutors
89,1.0,Notify Tutors
90,1.0,Notify Tutors
92,1.0,Notify Tutors
93,1.0,Notify Tutors
99,1.0,Notify Tutors
102,1.0,Notify Tutors
104,1.0,Notify Tutors
106,1.0,Notify Tutors
109,1.0,Notify Tutors
120,1.0,Notify Tutors
125,1.0,Notify Tutors
133,1.0,Notify Tutors
135,1.0,Notify Tutors
142,1.0,Notify Tutors
146,1.0,Notify Tutors
152,1.0,Notify Tutors
154,1.0,Notify Tutors
163,1.0,Notify Tutors
166,1.0,Notify Tutors
169,1.0,Notify Tutors
174,1.0,Notify Tutors
182,1.0,Notify Tutors
183,1.0,Notify Tutors
184,1.0,Notify Tutors
185,1.0,Notify Tutors
186,1.0,Notify Tutors
188,1.0,Notify Tutors
191,1.0,Notify Tutors
192,1.0,Notify Tutors
193,1.0,Notify Tutors
195,1.0,Notify Tutors
197,1.0,Notify Tutors
213,1.0,Notify Tutors
217,1.0,Notify Tutors
218,1.0,Notify Tutors
219,1.0,Notify Tutors
222,1.0,Notify Tutors
228,1.0,Notify Tutors
231,1.0,Notify Tutors
234,1.0,Notify Tutors
238,1.0,Notify Tutors
239,1.0,Notify Tutors
241,1.0,Notify Tutors
243,1.0,Notify Tutors
247,1.0,Notify Tutors
253,1.0,Notify Tutors
255,1.0,Notify Tutors
259,1.0,Notify Tutors
261,1.0,Notify Tutors
262,1.0,Notify Tutors
265,1.0,Notify Tutors
271,1.0,Notify Tutors
276,1.0,Notify Tutors
277,1.0,Notify Tutors
294,1.0,Notify Tutors
303,1.0,Notify Tutors
304,1.0,Notify Tutors
307,1.0,Notify Tutors
309,1.0,Notify Tutors
311,1.0,Notify Tutors
314,1.0,Notify Tutors
320,1.0,Notify Tutors
324,1.0,Notify Tutors
331,1.0,Notify Tutors
344,1.0,Notify Tutors
352,1.0,Notify Tutors
354,1.0,Notify Tutors
357,1.0,Notify Tutors
358,1.0,Notify Tutors
359,1.0,Notify Tutors
361,1.0,Notify Tutors
374,1.0,Notify Tutors
376,1.0,Notify Tutors
378,1.0,Notify Tutors
379,1.0,Notify Tutors
390,1.0,Notify Tutors
392,1.0,Notify Tutors
393,1.0,Notify Tutors
399,1.0,Notify Tutors
401,1.0,Notify Tutors
402,1.0,Notify Tutors
409,1.0,Notify Tutors
417,1.0,Notify Tutors
419,1.0,Notify Tutors
422,1.0,Notify Tutors
427,1.0,Notify Tutors
428,1.0,Notify Tutors
433,1.0,Notify Tutors
438,1.0,Notify Tutors
440,1.0,Notify Tutors
441,1.0,Notify Tutors
455,1.0,Notify Tutors
456,1.0,Notify Tutors
465,1.0,Notify Tutors
474,1.0,Notify Tutors
476,1.0,Notify Tutors
477,1.0,Notify Tutors
482,1.0,Notify Tutors
483,1.0,Notify Tutors
495,1.0,Notify Tutors
496,1.0,Notify Tutors
502,1.0,Notify Tutors
503,1.0,Notify Tutors
505,1.0,Notify Tutors
509,1.0,Notify Tutors
510,1.0,Notify Tutors
511,1.0,Notify Tutors
513,1.0,Notify Tutors
514,1.0,Notify Tutors
515,1.0,Notify Tutors
517,1.0,Notify Tutors
518,1.0,Notify Tutors
524,1.0,Notify Tutors
525,1.0,Notify Tutors
526,1.0,Notify Tutors
528,1.0,Notify Tutors
531,1.0,Notify Tutors
533,1.0,Notify Tutors
536,1.0,Notify Tutors
546,1.0,Notify Tutors
547,1.0,Notify Tutors
550,1.0,Notify Tutors
551,1.0,Notify Tutors
552,1.0,Notify Tutors
553,1.0,Notify Tutors
554,1.0,Notify Tutors
558,1.0,Notify Tutors
561,1.0,Notify Tutors
562,1.0,Notify Tutors
566,1.0,Notify Tutors
567,1.0,Notify Tutors
571,1.0,Notify Tutors
572,1.0,Notify Tutors
575,1.0,Notify Tutors
580,1.0,Notify Tutors
596,1.0,Notify Tutors
597,1.0,Notify Tutors
600,1.0,Notify Tutors
601,1.0,Notify Tutors
605,1.0,Notify Tutors
606,1.0,Notify Tutors
608,1.0,Notify Tutors
621,1.0,Notify Tutors
622,1.0,Notify Tutors
640,1.0,Notify Tutors
641,1.0,Notify Tutors
644,1.0,Notify Tutors
645,1.0,Notify Tutors
646,1.0,Notify Tutors
651,1.0,Notify Tutors
659,1.0,Notify Tutors
666,1.0,Notify Tutors
668,1.0,Notify Tutors
675,1.0,Notify Tutors
678,1.0,Notify Tutors
683,1.0,Notify Tutors
684,1.0,Notify Tutors
686,1.0,Notify Tutors
689,1.0,Notify Tutors
690,1.0,Notify Tutors
693,1.0,Notify Tutors
699,1.0,Notify Tutors
700,1.0,Notify Tutors
701,1.0,Notify Tutors
703,1.0,Notify Tutors
709,1.0,Notify Tutors
710,1.0,Notify Tutors
711,1.0,Notify Tutors
716,1.0,Notify Tutors
717,1.0,Notify Tutors
720,1.0,Notify Tutors
723,1.0,Notify Tutors
724,1.0,Notify Tutors
727,1.0,Notify Tutors
730,1.0,Notify Tutors
734,1.0,Notify Tutors
737,1.0,Notify Tutors
740,1.0,Notify Tutors
743,1.0,Notify Tutors
745,1.0,Notify Tutors
746,1.0,Notify Tutors
748,1.0,Notify Tutors
753,1.0,Notify Tutors
755,1.0,Notify Tutors
756,1.0,Notify Tutors
757,1.0,Notify Tutors
763,1.0,Notify Tutors
771,1.0,Notify Tutors
781,1.0,Notify Tutors
791,1.0,Notify Tutors
800,1.0,Notify Tutors
801,1.0,Notify Tutors
805,1.0,Notify Tutors
807,1.0,Notify Tutors
808,1.0,Notify Tutors
810,1.0,Notify Tutors
829,1.0,Notify Tutors
831,1.0,Notify Tutors
832,1.0,Notify Tutors
833,1.0,Notify Tutors
834,1.0,Notify Tutors
835,1.0,Notify Tutors
836,1.0,Notify Tutors
837,1.0,Notify Tutors
838,1.0,Notify Tutors
840,1.0,Notify Tutors
841,1.0,Notify Tutors
842,1.0,Notify Tutors
845,1.0,Notify Tutors
851,1.0,Notify Tutors
854,1.0,Notify Tutors
855,1.0,Notify Tutors
857,1.0,Notify Tutors
858,1.0,Notify Tutors
859,1.0,Notify Tutors
860,1.0,Notify Tutors
861,1.0,Notify Tutors
862,1.0,Notify Tutors
863,1.0,Notify Tutors
866,1.0,Notify Tutors
867,1.0,Notify Tutors
871,1.0,Notify Tutors
877,1.0,Notify Tutors
882,1.0,Notify Tutors
883,1.0,Notify Tutors
891,1.0,Notify Tutors
893,1.0,Notify Tutors
895,1.0,Notify Tutors
900,1.0,Notify Tutors
904,1.0,Notify Tutors
906,1.0,Notify Tutors
912,1.0,Notify Tutors
914,1.0,Notify Tutors
916,1.0,Notify Tutors
917,1.0,Notify Tutors
923,1.0,Notify Tutors
924,1.0,Notify Tutors
926,1.0,Notify Tutors
928,1.0,Notify Tutors
929,1.0,Notify Tutors
930,1.0,Notify Tutors
933,1.0,Notify Tutors
936,1.0,Notify Tutors
939,1.0,Notify Tutors
942,1.0,Notify Tutors
943,1.0,Notify Tutors
947,1.0,Notify Tutors
948,1.0,Notify Tutors
949,1.0,Notify Tutors
951,1.0,Notify Tutors
953,1.0,Notify Tutors
954,1.0,Notify Tutors
955,1.0,Notify Tutors
959,1.0,Notify Tutors
960,1.0,Notify Tutors
963,1.0,Notify Tutors
966,1.0,Notify Tutors
967,1.0,Notify Tutors
968,1.0,Notify Tutors
969,1.0,Notify Tutors
971,1.0,Notify Tutors
972,1.0,Notify Tutors
975,1.0,Notify Tutors
978,1.0,Notify Tutors
980,1.0,Notify Tutors
984,1.0,Notify Tutors
987,1.0,Notify Tutors
988,1.0,Notify Tutors
989,1.0,Notify Tutors
997,1.0,Notify Tutors
1000,1.0,Notify Tutors
1001,1.0,Notify Tutors
1013,1.0,Notify Tutors
1016,1.0,Notify Tutors
1018,1.0,Notify Tutors
1025,1.0,Notify Tutors
1031,1.0,Notify Tutors
1034,1.0,Notify Tutors
1036,1.0,Notify Tutors
1045,1.0,Notify Tutors
1058,1.0,Notify Tutors
1060,1.0,Notify Tutors
1061,1.0,Notify Tutors
1076,1.0,Notify Tutors
1077,1.0,Notify Tutors
1085,1.0,Notify Tutors
1091,1.0,Notify Tutors
1095,1.0,Notify Tutors
1096,1.0,Notify Tutors
1101,1.0,Notify Tutors
1102,1.0,Notify Tutors
1103,1.0,Notify Tutors
1108,1.0,Notify Tutors
1113,1.0,Notify Tutors
1116,1.0,Notify Tutors
1134,1.0,Notify Tutors
1135,1.0,Notify Tutors
1156,1.0,Notify Tutors
1164,1.0,Notify Tutors
1172,1.0,Notify Tutors
1175,1.0,Notify Tutors
1178,1.0,Notify Tutors
1180,1.0,Notify Tutors
1183,1.0,Notify Tutors
1187,1.0,Notify Tutors
1190,1.0,Notify Tutors
1196,1.0,Notify Tutors
1197,1.0,Notify Tutors
1202,1.0,Notify Tutors
1204,1.0,Notify Tutors
1208,1.0,Notify Tutors
1209,1.0,Notify Tutors
1222,1.0,Notify Tutors
1235,1.0,Notify Tutors
1237,1.0,Notify Tutors
1239,1.0,Notify Tutors
1240,1.0,Notify Tutors
1241,1.0,Notify Tutors
1242,1.0,Notify Tutors
1244,1.0,Notify Tutors
1245,1.0,Notify Tutors
1247,1.0,Notify Tutors
1248,1.0,Notify Tutors
1249,1.0,Notify Tutors
1254,1.0,Notify Tutors
1255,1.0,Notify Tutors
1261,1.0,Notify Tutors
1262,1.0,Notify Tutors
1268,1.0,Notify Tutors
1269,1.0,Notify Tutors
1273,1.0,Notify Tutors
1277,1.0,Notify Tutors
1282,1.0,Notify Tutors
1292,1.0,Notify Tutors
1294,1.0,Notify Tutors
1295,1.0,Notify Tutors
1296,1.0,Notify Tutors
1299,1.0,Notify Tutors
1300,1.0,Notify Tutors
1301,1.0,Notify Tutors
1317,1.0,Notify Tutors
1318,1.0,Notify Tutors
1324,1.0,Notify Tutors
1326,1.0,Notify Tutors
1327,1.0,Notify Tutors
1332,1.0,Notify Tutors
1337,1.0,Notify Tutors
1353,1.0,Notify Tutors
1356,1.0,Notify Tutors
1357,1.0,Notify Tutors
1358,1.0,Notify Tutors
1359,1.0,Notify Tutors
1360,1.0,Notify Tutors
1362,1.0,Notify Tutors
1365,1.0,Notify Tutors
1374,1.0,Notify Tutors
1378,1.0,Notify Tutors
1379,1.0,Notify Tutors
1381,1.0,Notify Tutors
1384,1.0,Notify Tutors
1385,1.0,Notify Tutors
1386,1.0,Notify Tutors
1388,1.0,Notify Tutors
1404,1.0,Notify Tutors
1405,1.0,Notify Tutors
1408,1.0,Notify Tutors
1410,1.0,Notify Tutors
1413,1.0,Notify Tutors
1416,1.0,Notify Tutors
1427,1.0,Notify Tutors
1431,1.0,Notify Tutors
1435,1.0,Notify Tutors
1436,1.0,Notify Tutors
1443,1.0,Notify Tutors
1445,1.0,Notify Tutors
1446,1.0,Notify Tutors
1447,1.0,Notify Tutors
1448,1.0,Notify Tutors
1455,1.0,Notify Tutors
1458,1.0,Notify Tutors
1459,1.0,Notify Tutors
1463,1.0,Notify Tutors
1466,1.0,Notify Tutors
1467,1.0,Notify Tutors
1473,1.0,Notify Tutors
1474,1.0,Notify Tutors
1476,1.0,Notify Tutors
1478,1.0,Notify Tutors
1479,1.0,Notify Tutors
1488,1.0,Notify Tutors
1492,1.0,Notify Tutors
1494,1.0,Notify Tutors
1501,1.0,Notify Tutors
1505,1.0,Notify Tutors
1509,1.0,Notify Tutors
1510,1.0,Notify Tutors
1514,1.0,Notify Tutors
1516,1.0,Notify Tutors
1519,1.0,Notify Tutors
1520,1.0,Notify Tutors
1522,1.0,Notify Tutors
1526,1.0,Notify Tutors
1527,1.0,Notify Tutors
1530,1.0,Notify Tutors
1533,1.0,Notify Tutors
1536,1.0,Notify Tutors
1538,1.0,Notify Tutors
1539,1.0,Notify Tutors
1541,1.0,Notify Tutors
1542,1.0,Notify Tutors
1543,1.0,Notify Tutors
1546,1.0,Notify Tutors
1547,1.0,Notify Tutors
1548,1.0,Notify Tutors
1549,1.0,Notify Tutors
1551,1.0,Notify Tutors
1556,1.0,Notify Tutors
1557,1.0,Notify Tutors
1563,1.0,Notify Tutors
1568,1.0,Notify Tutors
1569,1.0,Notify Tutors
1571,1.0,Notify Tutors
1572,1.0,Notify Tutors
1573,1.0,Notify Tutors
1574,1.0,Notify Tutors
1578,1.0,Notify Tutors
1581,1.0,Notify Tutors
1582,1.0,Notify Tutors
1587,1.0,Notify Tutors
1588,1.0,Notify Tutors
1590,1.0,Notify Tutors
1593,1.0,Notify Tutors
1599,1.0,Notify Tutors
1604,1.0,Notify Tutors
1610,1.0,Notify Tutors
1613,1.0,Notify Tutors
1615,1.0,Notify Tutors
1622,1.0,Notify Tutors
1623,1.0,Notify Tutors
1624,1.0,Notify Tutors
1625,1.0,Notify Tutors
1627,1.0,Notify Tutors
1628,1.0,Notify Tutors
1629,1.0,Notify Tutors
1631,1.0,Notify Tutors
1636,1.0,Notify Tutors
1638,1.0,Notify Tutors
1644,1.0,Notify Tutors
1654,1.0,Notify Tutors
1668,1.0,Notify Tutors
1672,1.0,Notify Tutors
1675,1.0,Notify Tutors
1676,1.0,Notify Tutors
1679,1.0,Notify Tutors
1680,1.0,Notify Tutors
1681,1.0,Notify Tutors
1687,1.0,Notify Tutors
1690,1.0,Notify Tutors
1691,1.0,Notify Tutors
1694,1.0,Notify Tutors
1697,1.0,Notify Tutors
1698,1.0,Notify Tutors
1699,1.0,Notify Tutors
1702,1.0,Notify Tutors
1705,1.0,Notify Tutors
1708,1.0,Notify Tutors
1712,1.0,Notify Tutors
1713,1.0,Notify Tutors
1717,1.0,Notify Tutors
1718,1.0,Notify Tutors
1719,1.0,Notify Tutors
1727,1.0,Notify Tutors
1728,1.0,Notify Tutors
1731,1.0,Notify Tutors
1732,1.0,Notify Tutors
1734,1.0,Notify Tutors
1739,1.0,Notify Tutors
1740,1.0,Notify Tutors
1741,1.0,Notify Tutors
1743,1.0,Notify Tutors
1744,1.0,Notify Tutors
1745,1.0,Notify Tutors
1746,1.0,Notify Tutors
1747,1.0,Notify Tutors
1748,1.0,Notify Tutors
1749,1.0,Notify Tutors
1750,1.0,Notify Tutors
1753,1.0,Notify Tutors
1754,1.0,Notify Tutors
1755,1.0,Notify Tutors
1757,1.0,Notify Tutors
1765,1.0,Notify Tutors
1766,1.0,Notify Tutors
1768,1.0,Notify Tutors
1769,1.0,Notify Tutors
1775,1.0,Notify Tutors
1783,1.0,Notify Tutors
1786,1.0,Notify Tutors
1788,1.0,Notify Tutors
1791,1.0,Notify Tutors
1792,1.0,Notify Tutors
1793,1.0,Notify Tutors
1798,1.0,Notify Tutors
1799,1.0,Notify Tutors
1804,1.0,Notify Tutors
1805,1.0,Notify Tutors
1806,1.0,Notify Tutors
1807,1.0,Notify Tutors
1808,1.0,Notify Tutors
1814,1.0,Notify Tutors
1818,1.0,Notify Tutors
1820,1.0,Notify Tutors
1822,1.0,Notify Tutors
1823,1.0,Notify Tutors
1827,1.0,Notify Tutors
1828,1.0,Notify Tutors
1833,1.0,Notify Tutors
1839,1.0,Notify Tutors
1840,1.0,Notify Tutors
1841,1.0,Notify Tutors
1845,1.0,Notify Tutors
1847,1.0,Notify Tutors
1850,1.0,Notify Tutors
1854,1.0,Notify Tutors
1855,1.0,Notify Tutors
1859,1.0,Notify Tutors
1860,1.0,Notify Tutors
1861,1.0,Notify Tutors
1862,1.0,Notify Tutors
1864,1.0,Notify Tutors
1866,1.0,Notify Tutors
1867,1.0,Notify Tutors
1870,1.0,Notify Tutors
1871,1.0,Notify Tutors
1873,1.0,Notify Tutors
1876,1.0,Notify Tutors
1877,1.0,Notify Tutors
1878,1.0,Notify Tutors
1881,1.0,Notify Tutors
1882,1.0,Notify Tutors
1884,1.0,Notify Tutors
1886,1.0,Notify Tutors
1887,1.0,Notify Tutors
1892,1.0,Notify Tutors
1895,1.0,Notify Tutors
1896,1.0,Notify Tutors
1897,1.0,Notify Tutors
1913,1.0,Notify Tutors
1920,1.0,Notify Tutors
1922,1.0,Notify Tutors
1924,1.0,Notify Tutors
1928,1.0,Notify Tutors
1938,1.0,Notify Tutors
1950,1.0,Notify Tutors
1951,1.0,Notify Tutors
1952,1.0,Notify Tutors
1959,1.0,Notify Tutors
1961,1.0,Notify Tutors
1968,1.0,Notify Tutors
1970,1.0,Notify Tutors
1987,1.0,Notify Tutors
1994,1.0,Notify Tutors
1998,1.0,Notify Tutors
2000,1.0,Notify Tutors
2001,1.0,Notify Tutors
2004,1.0,Notify Tutors
2009,1.0,Notify Tutors
2013,1.0,Notify Tutors
2014,1.0,Notify Tutors
2020,1.0,Notify Tutors
2021,1.0,Notify Tutors
2024,1.0,Notify Tutors
2031,1.0,Notify Tutors
2033,1.0,Notify Tutors
2035,1.0,Notify Tutors
2036,1.0,Notify Tutors
2037,1.0,Notify Tutors
2040,1.0,Notify Tutors
2046,1.0,Notify Tutors
2047,1.0,Notify Tutors
2052,1.0,Notify Tutors
2057,1.0,Notify Tutors
2059,1.0,Notify Tutors
2069,1.0,Notify Tutors
2085,1.0,Notify Tutors
2086,1.0,Notify Tutors
2094,1.0,Notify Tutors
2096,1.0,Notify Tutors
2103,1.0,Notify Tutors
2105,1.0,Notify Tutors
2106,1.0,Notify Tutors
2110,1.0,Notify Tutors
2114,1.0,Notify Tutors
2115,1.0,Notify Tutors
2120,1.0,Notify Tutors
2123,1.0,Notify Tutors
2125,1.0,Notify Tutors
2127,1.0,Notify Tutors
2135,1.0,Notify Tutors
2136,1.0,Notify Tutors
2139,1.0,Notify Tutors
2145,1.0,Notify Tutors
2159,1.0,Notify Tutors
2161,1.0,Notify Tutors
2162,1.0,Notify Tutors
2173,1.0,Notify Tutors
2177,1.0,Notify Tutors
2184,1.0,Notify Tutors
2185,1.0,Notify Tutors
2191,1.0,Notify Tutors
2192,1.0,Notify Tutors
2193,1.0,Notify Tutors
2198,1.0,Notify Tutors
2199,1.0,Notify Tutors
2200,1.0,Notify Tutors
2201,1.0,Notify Tutors
2206,1.0,Notify Tutors
2207,1.0,Notify Tutors
2209,1.0,Notify Tutors
2212,1.0,Notify Tutors
2222,1.0,Notify Tutors
2223,1.0,Notify Tutors
2225,1.0,Notify Tutors
2227,1.0,Notify Tutors
2232,1.0,Notify Tutors
2233,1.0,Notify Tutors
2236,1.0,Notify Tutors
2237,1.0,Notify Tutors
2238,1.0,Notify Tutors
2239,1.0,Notify Tutors
2241,1.0,Notify Tutors
2242,1.0,Notify Tutors
2244,1.0,Notify Tutors
2247,1.0,Notify Tutors
2248,1.0,Notify Tutors
2251,1.0,Notify Tutors
2252,1.0,Notify Tutors
2253,1.0,Notify Tutors
2254,1.0,Notify Tutors
2256,1.0,Notify Tutors
2257,1.0,Notify Tutors
2258,1.0,Notify Tutors
2261,1.0,Notify Tutors
2262,1.0,Notify Tutors
2265,1.0,Notify Tutors
2266,1.0,Notify Tutors
2267,1.0,Notify Tutors
2268,1.0,Notify Tutors
2269,1.0,Notify Tutors
2270,1.0,Notify Tutors
2273,1.0,Notify Tutors
2275,1.0,Notify Tutors
2279,1.0,Notify Tutors
2282,1.0,Notify Tutors
2285,1.0,Notify Tutors
2288,1.0,Notify Tutors
2289,1.0,Notify Tutors
2290,1.0,Notify Tutors
2294,1.0,Notify Tutors
2296,1.0,Notify Tutors
2299,1.0,Notify Tutors
2300,1.0,Notify Tutors
2304,1.0,Notify Tutors
2306,1.0,Notify Tutors
2307,1.0,Notify Tutors
2308,1.0,Notify Tutors
2312,1.0,Notify Tutors
2316,1.0,Notify Tutors
2317,1.0,Notify Tutors
2318,1.0,Notify Tutors
2320,1.0,Notify Tutors
2322,1.0,Notify Tutors
2325,1.0,Notify Tutors
2326,1.0,Notify Tutors
2327,1.0,Notify Tutors
2329,1.0,Notify Tutors
2330,1.0,Notify Tutors
2331,1.0,Notify Tutors
2336,1.0,Notify Tutors
2337,1.0,Notify Tutors
2338,1.0,Notify Tutors
2340,1.0,Notify Tutors
2341,1.0,Notify Tutors
2348,1.0,Notify Tutors
2351,1.0,Notify Tutors
2354,1.0,Notify Tutors
2359,1.0,Notify Tutors
2360,1.0,Notify Tutors
2361,1.0,Notify Tutors
2363,1.0,Notify Tutors
2366,1.0,Notify Tutors
2368,1.0,Notify Tutors
2369,1.0,Notify Tutors
2374,1.0,Notify Tutors
2375,1.0,Notify Tutors
2377,1.0,Notify Tutors
2378,1.0,Notify Tutors
2384,1.0,Notify Tutors
2386,1.0,Notify Tutors
2387,1.0,Notify Tutors
2388,1.0,Notify Tutors
2389,1.0,Notify Tutors
2390,1.0,Notify Tutors
2391,1.0,Notify Tutors
2393,1.0,Notify Tutors
2395,1.0,Notify Tutors
2396,1.0,Notify Tutors
2400,1.0,Notify Tutors
2402,1.0,Notify Tutors
2404,1.0,Notify Tutors
2408,1.0,Notify Tutors
2409,1.0,Notify Tutors
2410,1.0,Notify Tutors
2411,1.0,Notify Tutors
2415,1.0,Notify Tutors
2420,1.0,Notify Tutors
2421,1.0,Notify Tutors
2423,1.0,Notify Tutors
2424,1.0,Notify Tutors
2425,1.0,Notify Tutors
2426,1.0,Notify Tutors
2429,1.0,Notify Tutors
2433,1.0,Notify Tutors
2434,1.0,Notify Tutors
2437,1.0,Notify Tutors
2438,1.0,Notify Tutors
2439,1.0,Notify Tutors
2440,1.0,Notify Tutors
2442,1.0,Notify Tutors
2444,1.0,Notify Tutors
2447,1.0,Notify Tutors
2448,1.0,Notify Tutors
2450,1.0,Notify Tutors
2451,1.0,Notify Tutors
2454,1.0,Notify Tutors
2457,1.0,Notify Tutors
2458,1.0,Notify Tutors
2460,1.0,Notify Tutors
2461,1.0,Notify Tutors
2463,1.0,Notify Tutors
2464,1.0,Notify Tutors
2465,1.0,Notify Tutors
2466,1.0,Notify Tutors
2468,1.0,Notify Tutors
2469,1.0,Notify Tutors
2470,1.0,Notify Tutors
2471,1.0,Notify Tutors
2472,1.0,Notify Tutors
2473,1.0,Notify Tutors
2475,1.0,Notify Tutors
2485,1.0,Notify Tutors
2486,1.0,Notify Tutors
2487,1.0,Notify Tutors
2488,1.0,Notify Tutors
2490,1.0,Notify Tutors
2492,1.0,Notify Tutors
2499,1.0,Notify Tutors
2504,1.0,Notify Tutors
2510,1.0,Notify Tutors
2515,1.0,Notify Tutors
2523,1.0,Notify Tutors
2524,1.0,Notify Tutors
2535,1.0,Notify Tutors
2540,1.0,Notify Tutors
2541,1.0,Notify Tutors
2543,1.0,Notify Tutors
2549,1.0,Notify Tutors
2553,1.0,Notify Tutors
2554,1.0,Notify Tutors
2555,1.0,Notify Tutors
2562,1.0,Notify Tutors
2563,1.0,Notify Tutors
2576,1.0,Notify Tutors
2577,1.0,Notify Tutors
2581,1.0,Notify Tutors
2587,1.0,Notify Tutors
2588,1.0,Notify Tutors
2590,1.0,Notify Tutors
2591,1.0,Notify Tutors
2594,1.0,Notify Tutors
2601,1.0,Notify Tutors
2603,1.0,Notify Tutors
2604,1.0,Notify Tutors
2609,1.0,Notify Tutors
2613,1.0,Notify Tutors
2614,1.0,Notify Tutors
2615,1.0,Notify Tutors
2616,1.0,Notify Tutors
2625,1.0,Notify Tutors
2630,1.0,Notify Tutors
2631,1.0,Notify Tutors
2635,1.0,Notify Tutors
2636,1.0,Notify Tutors
2640,1.0,Notify Tutors
2642,1.0,Notify Tutors
2647,1.0,Notify Tutors
2648,1.0,Notify Tutors
2651,1.0,Notify Tutors
2653,1.0,Notify Tutors
2662,1.0,Notify Tutors
2663,1.0,Notify Tutors
2665,1.0,Notify Tutors
2667,1.0,Notify Tutors
2669,1.0,Notify Tutors
2672,1.0,Notify Tutors
2676,1.0,Notify Tutors
2678,1.0,Notify Tutors
2681,1.0,Notify Tutors
2682,1.0,Notify Tutors
2684,1.0,Notify Tutors
2685,1.0,Notify Tutors
2687,1.0,Notify Tutors
2688,1.0,Notify Tutors
2689,1.0,Notify Tutors
2690,1.0,Notify Tutors
2696,1.0,Notify Tutors
2697,1.0,Notify Tutors
2701,1.0,Notify Tutors
2702,1.0,Notify Tutors
2704,1.0,Notify Tutors
2705,1.0,Notify Tutors
2707,1.0,Notify Tutors
2711,1.0,Notify Tutors
2712,1.0,Notify Tutors
2716,1.0,Notify Tutors
2722,1.0,Notify Tutors
2723,1.0,Notify Tutors
2725,1.0,Notify Tutors
2728,1.0,Notify Tutors
2733,1.0,Notify Tutors
2744,1.0,Notify Tutors
2747,1.0,Notify Tutors
2748,1.0,Notify Tutors
2750,1.0,Notify Tutors
2752,1.0,Notify Tutors
2754,1.0,Notify Tutors
2756,1.0,Notify Tutors
2757,1.0,Notify Tutors
2758,1.0,Notify Tutors
2762,1.0,Notify Tutors
2764,1.0,Notify Tutors
2767,1.0,Notify Tutors
2769,1.0,Notify Tutors
2781,1.0,Notify Tutors
2782,1.0,Notify Tutors
2786,1.0,Notify Tutors
2788,1.0,Notify Tutors
2790,1.0,Notify Tutors
2793,1.0,Notify Tutors
2794,1.0,Notify Tutors
2796,1.0,Notify Tutors
2799,1.0,Notify Tutors
2801,1.0,Notify Tutors
2811,1.0,Notify Tutors
2819,1.0,Notify Tutors
2821,1.0,Notify Tutors
2827,1.0,Notify Tutors
2833,1.0,Notify Tutors
2836,1.0,Notify Tutors
2838,1.0,Notify Tutors
2840,1.0,Notify Tutors
2843,1.0,Notify Tutors
2844,1.0,Notify Tutors
2846,1.0,Notify Tutors
2847,1.0,Notify Tutors
2850,1.0,Notify Tutors
2854,1.0,Notify Tutors
2866,1.0,Notify Tutors
2871,1.0,Notify Tutors
2874,1.0,Notify Tutors
2876,1.0,Notify Tutors
2878,1.0,Notify Tutors
2879,1.0,Notify Tutors
2882,1.0,Notify Tutors
2891,1.0,Notify Tutors
2901,1.0,Notify Tutors
2904,1.0,Notify Tutors
2909,1.0,Notify Tutors
2910,1.0,Notify Tutors
2912,1.0,Notify Tutors
2914,1.0,Notify Tutors
2919,1.0,Notify Tutors
2921,1.0,Notify Tutors
2923,1.0,Notify Tutors
2929,1.0,Notify Tutors
2930,1.0,Notify Tutors
2931,1.0,Notify Tutors
2932,1.0,Notify Tutors
2934,1.0,Notify Tutors
2935,1.0,Notify Tutors
2936,1.0,Notify Tutors
2937,1.0,Notify Tutors
2939,1.0,Notify Tutors
2945,1.0,Notify Tutors
2946,1.0,Notify Tutors
2949,1.0,Notify Tutors
2956,1.0,Notify Tutors
2958,1.0,Notify Tutors
2962,1.0,Notify Tutors
2967,1.0,Notify Tutors
2971,1.0,Notify Tutors
2979,1.0,Notify Tutors
2983,1.0,Notify Tutors
2986,1.0,Notify Tutors
2992,1.0,Notify Tutors
2999,1.0,Notify Tutors
3014,1.0,Notify Tutors
3022,1.0,Notify Tutors
3027,1.0,Notify Tutors
3036,1.0,Notify Tutors
3039,1.0,Notify Tutors
3042,1.0,Notify Tutors
3045,1.0,Notify Tutors
3050,1.0,Notify Tutors
3051,1.0,Notify Tutors
3055,1.0,Notify Tutors
3057,1.0,Notify Tutors
3061,1.0,Notify Tutors
3065,1.0,Notify Tutors
3069,1.0,Notify Tutors
3071,1.0,Notify Tutors
3072,1.0,Notify Tutors
3073,1.0,Notify Tutors
3074,1.0,Notify Tutors
3076,1.0,Notify Tutors
3077,1.0,Notify Tutors
3079,1.0,Notify Tutors
3083,1.0,Notify Tutors
3089,1.0,Notify Tutors
3094,1.0,Notify Tutors
3097,1.0,Notify Tutors
3099,1.0,Notify Tutors
3102,1.0,Notify Tutors
3103,1.0,Notify Tutors
3116,1.0,Notify Tutors
3120,1.0,Notify Tutors
3142,1.0,Notify Tutors
3150,1.0,Notify Tutors
3151,1.0,Notify Tutors
3156,1.0,Notify Tutors
3157,1.0,Notify Tutors
3159,1.0,Notify Tutors
3166,1.0,Notify Tutors
3167,1.0,Notify Tutors
3171,1.0,Notify Tutors
3175,1.0,Notify Tutors
3181,1.0,Notify Tutors
3183,1.0,Notify Tutors
3185,1.0,Notify Tutors
3186,1.0,Notify Tutors
3187,1.0,Notify Tutors
3188,1.0,Notify Tutors
3190,1.0,Notify Tutors
3195,1.0,Notify Tutors
3198,1.0,Notify Tutors
3200,1.0,Notify Tutors
3203,1.0,Notify Tutors
3204,1.0,Notify Tutors
3205,1.0,Notify Tutors
3213,1.0,Notify Tutors
3216,1.0,Notify Tutors
3217,1.0,Notify Tutors
3219,1.0,Notify Tutors
3220,1.0,Notify Tutors
3221,1.0,Notify Tutors
3223,1.0,Notify Tutors
3224,1.0,Notify Tutors
3233,1.0,Notify Tutors
3242,1.0,Notify Tutors
3244,1.0,Notify Tutors
3250,1.0,Notify Tutors
3252,1.0,Notify Tutors
3253,1.0,Notify Tutors
3262,1.0,Notify Tutors
3264,1.0,Notify Tutors
3268,1.0,Notify Tutors
3270,1.0,Notify Tutors
3274,1.0,Notify Tutors
3276,1.0,Notify Tutors
3278,1.0,Notify Tutors
3286,1.0,Notify Tutors
3287,1.0,Notify Tutors
3290,1.0,Notify Tutors
3291,1.0,Notify Tutors
3292,1.0,Notify Tutors
3297,1.0,Notify Tutors
3299,1.0,Notify Tutors
3309,1.0,Notify Tutors
3314,1.0,Notify Tutors
3316,1.0,Notify Tutors
3318,1.0,Notify Tutors
3321,1.0,Notify Tutors
3322,1.0,Notify Tutors
3323,1.0,Notify Tutors
3325,1.0,Notify Tutors
3327,1.0,Notify Tutors
3328,1.0,Notify Tutors
3331,1.0,Notify Tutors
3332,1.0,Notify Tutors
3333,1.0,Notify Tutors
3335,1.0,Notify Tutors
3336,1.0,Notify Tutors
3337,1.0,Notify Tutors
3340,1.0,Notify Tutors
3341,1.0,Notify Tutors
3343,1.0,Notify Tutors
3344,1.0,Notify Tutors
3345,1.0,Notify Tutors
3346,1.0,Notify Tutors
3347,1.0,Notify Tutors
3349,1.0,Notify Tutors
3351,1.0,Notify Tutors
3352,1.0,Notify Tutors
3355,1.0,Notify Tutors
3356,1.0,Notify Tutors
3357,1.0,Notify Tutors
3358,1.0,Notify Tutors
3360,1.0,Notify Tutors
3363,1.0,Notify Tutors
3364,1.0,Notify Tutors
3365,1.0,Notify Tutors
3366,1.0,Notify Tutors
3369,1.0,Notify Tutors
3370,1.0,Notify Tutors
3371,1.0,Notify Tutors
3380,1.0,Notify Tutors
3383,1.0,Notify Tutors
3396,1.0,Notify Tutors
3408,1.0,Notify Tutors
3412,1.0,Notify Tutors
3413,1.0,Notify Tutors
3417,1.0,Notify Tutors
3421,1.0,Notify Tutors
3422,1.0,Notify Tutors
3424,1.0,Notify Tutors
3425,1.0,Notify Tutors
3429,1.0,Notify Tutors
3437,1.0,Notify Tutors
3439,1.0,Notify Tutors
3444,1.0,Notify Tutors
3454,1.0,Notify Tutors
3459,1.0,Notify Tutors
3461,1.0,Notify Tutors
3462,1.0,Notify Tutors
3465,1.0,Notify Tutors
3472,1.0,Notify Tutors
3474,1.0,Notify Tutors
3477,1.0,Notify Tutors
3478,1.0,Notify Tutors
3482,1.0,Notify Tutors
3483,1.0,Notify Tutors
3484,1.0,Notify Tutors
3487,1.0,Notify Tutors
3488,1.0,Notify Tutors
3491,1.0,Notify Tutors
3492,1.0,Notify Tutors
3493,1.0,Notify Tutors
3496,1.0,Notify Tutors
3499,1.0,Notify Tutors
3501,1.0,Notify Tutors
3505,1.0,Notify Tutors
3506,1.0,Notify Tutors
3511,1.0,Notify Tutors
3513,1.0,Notify Tutors
3515,1.0,Notify Tutors
3517,1.0,Notify Tutors
3518,1.0,Notify Tutors
3519,1.0,Notify Tutors
3521,1.0,Notify Tutors
3523,1.0,Notify Tutors
3526,1.0,Notify Tutors
3528,1.0,Notify Tutors
3533,1.0,Notify Tutors
3534,1.0,Notify Tutors
3535,1.0,Notify Tutors
3536,1.0,Notify Tutors
3537,1.0,Notify Tutors
3540,1.0,Notify Tutors
3541,1.0,Notify Tutors
3543,1.0,Notify Tutors
3544,1.0,Notify Tutors
3547,1.0,Notify Tutors
3548,1.0,Notify Tutors
3551,1.0,Notify Tutors
3557,1.0,Notify Tutors
3560,1.0,Notify Tutors
3562,1.0,Notify Tutors
3563,1.0,Notify Tutors
3564,1.0,Notify Tutors
3565,1.0,Notify Tutors
3569,1.0,Notify Tutors
3572,1.0,Notify Tutors
3573,1.0,Notify Tutors
3577,1.0,Notify Tutors
3578,1.0,Notify Tutors
3582,1.0,Notify Tutors
3583,1.0,Notify Tutors
3585,1.0,Notify Tutors
3586,1.0,Notify Tutors
3589,1.0,Notify Tutors
3590,1.0,Notify Tutors
3592,1.0,Notify Tutors
3595,1.0,Notify Tutors
3596,1.0,Notify Tutors
3600,1.0,Notify Tutors
3603,1.0,Notify Tutors
3605,1.0,Notify Tutors
3606,1.0,Notify Tutors
3610,1.0,Notify Tutors
3612,1.0,Notify Tutors
3613,1.0,Notify Tutors
3615,1.0,Notify Tutors
3616,1.0,Notify Tutors
3623,1.0,Notify Tutors
3625,1.0,Notify Tutors
3631,1.0,Notify Tutors
3632,1.0,Notify Tutors
3637,1.0,Notify Tutors
3641,1.0,Notify Tutors
3647,1.0,Notify Tutors
3649,1.0,Notify Tutors
3660,1.0,Notify Tutors
3667,1.0,Notify Tutors
3676,1.0,Notify Tutors
3677,1.0,Notify Tutors
3682,1.0,Notify Tutors
3687,1.0,Notify Tutors
3689,1.0,Notify Tutors
3691,1.0,Notify Tutors
3692,1.0,Notify Tutors
3693,1.0,Notify Tutors
3695,1.0,Notify Tutors
3697,1.0,Notify Tutors
3699,1.0,Notify Tutors
3702,1.0,Notify Tutors
3703,1.0,Notify Tutors
3712,1.0,Notify Tutors
3713,1.0,Notify Tutors
3714,1.0,Notify Tutors
3715,1.0,Notify Tutors
3716,1.0,Notify Tutors
3718,1.0,Notify Tutors
3719,1.0,Notify Tutors
3720,1.0,Notify Tutors
3721,1.0,Notify Tutors
3722,1.0,Notify Tutors
3723,1.0,Notify Tutors
3726,1.0,Notify Tutors
3731,1.0,Notify Tutors
3737,1.0,Notify Tutors
3739,1.0,Notify Tutors
3744,1.0,Notify Tutors
3745,1.0,Notify Tutors
3747,1.0,Notify Tutors
3748,1.0,Notify Tutors
3754,1.0,Notify Tutors
3759,1.0,Notify Tutors
3761,1.0,Notify Tutors
3767,1.0,Notify Tutors
3770,1.0,Notify Tutors
3773,1.0,Notify Tutors
3775,1.0,Notify Tutors
3778,1.0,Notify Tutors
3779,1.0,Notify Tutors
3784,1.0,Notify Tutors
3785,1.0,Notify Tutors
3787,1.0,Notify Tutors
3789,1.0,Notify Tutors
3791,1.0,Notify Tutors
3792,1.0,Notify Tutors
3793,1.0,Notify Tutors
3794,1.0,Notify Tutors
3797,1.0,Notify Tutors
3799,1.0,Notify Tutors
3800,1.0,Notify Tutors
3805,1.0,Notify Tutors
3811,1.0,Notify Tutors
3818,1.0,Notify Tutors
3819,1.0,Notify Tutors
3820,1.0,Notify Tutors
3821,1.0,Notify Tutors
3823,1.0,Notify Tutors
3824,1.0,Notify Tutors
3826,1.0,Notify Tutors
3828,1.0,Notify Tutors
3832,1.0,Notify Tutors
3833,1.0,Notify Tutors
3835,1.0,Notify Tutors
3836,1.0,Notify Tutors
3837,1.0,Notify Tutors
3838,1.0,Notify Tutors
3839,1.0,Notify Tutors
3842,1.0,Notify Tutors
3843,1.0,Notify Tutors
3845,1.0,Notify Tutors
3846,1.0,Notify Tutors
3847,1.0,Notify Tutors
3848,1.0,Notify Tutors
3850,1.0,Notify Tutors
3851,1.0,Notify Tutors
3852,1.0,Notify Tutors
3854,1.0,Notify Tutors
3858,1.0,Notify Tutors
3859,1.0,Notify Tutors
3860,1.0,Notify Tutors
3861,1.0,Notify Tutors
3864,1.0,Notify Tutors
3865,1.0,Notify Tutors
3866,1.0,Notify Tutors
3869,1.0,Notify Tutors
3873,1.0,Notify Tutors
3874,1.0,Notify Tutors
3875,1.0,Notify Tutors
3882,1.0,Notify Tutors
3893,1.0,Notify Tutors
3896,1.0,Notify Tutors
3899,1.0,Notify Tutors
3901,1.0,Notify Tutors
3903,1.0,Notify Tutors
3904,1.0,Notify Tutors
3909,1.0,Notify Tutors
3914,1.0,Notify Tutors
3925,1.0,Notify Tutors
3927,1.0,Notify Tutors
3933,1.0,Notify Tutors
3934,1.0,Notify Tutors
3937,1.0,Notify Tutors
3941,1.0,Notify Tutors
3943,1.0,Notify Tutors
3944,1.0,Notify Tutors
3947,1.0,Notify Tutors
3951,1.0,Notify Tutors
3954,1.0,Notify Tutors
3955,1.0,Notify Tutors
3960,1.0,Notify Tutors
3964,1.0,Notify Tutors
3967,1.0,Notify Tutors
3984,1.0,Notify Tutors
3991,1.0,Notify Tutors
3993,1.0,Notify Tutors
3995,1.0,Notify Tutors
3996,1.0,Notify Tutors
3998,1.0,Notify Tutors
4000,1.0,Notify Tutors
4001,1.0,Notify Tutors
4005,1.0,Notify Tutors
4007,1.0,Notify Tutors
4008,1.0,Notify Tutors
4009,1.0,Notify Tutors
4010,1.0,Notify Tutors
4011,1.0,Notify Tutors
4012,1.0,Notify Tutors
4015,1.0,Notify Tutors
4017,1.0,Notify Tutors
4020,1.0,Notify Tutors
4024,1.0,Notify Tutors
4029,1.0,Notify Tutors
4034,1.0,Notify Tutors
4035,1.0,Notify Tutors
4045,1.0,Notify Tutors
4050,1.0,Notify Tutors
4052,1.0,Notify Tutors
4059,1.0,Notify Tutors
4064,1.0,Notify Tutors
4067,1.0,Notify Tutors
4075,1.0,Notify Tutors
4077,1.0,Notify Tutors
4080,1.0,Notify Tutors
4084,1.0,Notify Tutors
4085,1.0,Notify Tutors
4089,1.0,Notify Tutors
4091,1.0,Notify Tutors
4092,1.0,Notify Tutors
4098,1.0,Notify Tutors
4099,1.0,Notify Tutors
4113,1.0,Notify Tutors
4128,1.0,Notify Tutors
4132,1.0,Notify Tutors
4138,1.0,Notify Tutors
4140,1.0,Notify Tutors
4141,1.0,Notify Tutors
4145,1.0,Notify Tutors
4146,1.0,Notify Tutors
4147,1.0,Notify Tutors
4148,1.0,Notify Tutors
4154,1.0,Notify Tutors
4157,1.0,Notify Tutors
4161,1.0,Notify Tutors
4162,1.0,Notify Tutors
4169,1.0,Notify Tutors
4170,1.0,Notify Tutors
4171,1.0,Notify Tutors
4172,1.0,Notify Tutors
4180,1.0,Notify Tutors
4181,1.0,Notify Tutors
4182,1.0,Notify Tutors
4185,1.0,Notify Tutors
4190,1.0,Notify Tutors
4194,1.0,Notify Tutors
4198,1.0,Notify Tutors
4208,1.0,Notify Tutors
4215,1.0,Notify Tutors
4216,1.0,Notify Tutors
4220,1.0,Notify Tutors
4229,1.0,Notify Tutors
4232,1.0,Notify Tutors
4238,1.0,Notify Tutors
4242,1.0,Notify Tutors
4245,1.0,Notify Tutors
4246,1.0,Notify Tutors
4248,1.0,Notify Tutors
4250,1.0,Notify Tutors
4251,1.0,Notify Tutors
4253,1.0,Notify Tutors
4259,1.0,Notify Tutors
4260,1.0,Notify Tutors
4261,1.0,Notify Tutors
4263,1.0,Notify Tutors
4269,1.0,Notify Tutors
4275,1.0,Notify Tutors
4276,1.0,Notify Tutors
4277,1.0,Notify Tutors
4279,1.0,Notify Tutors
4280,1.0,Notify Tutors
4281,1.0,Notify Tutors
4283,1.0,Notify Tutors
4288,1.0,Notify Tutors
4293,1.0,Notify Tutors
4295,1.0,Notify Tutors
4298,1.0,Notify Tutors
4299,1.0,Notify Tutors
4301,1.0,Notify Tutors
4304,1.0,Notify Tutors
4306,1.0,Notify Tutors
4311,1.0,Notify Tutors
4312,1.0,Notify Tutors
4314,1.0,Notify Tutors
4315,1.0,Notify Tutors
4322,1.0,Notify Tutors
4323,1.0,Notify Tutors
4326,1.0,Notify Tutors
4327,1.0,Notify Tutors
4330,1.0,Notify Tutors
4335,1.0,Notify Tutors
4336,1.0,Notify Tutors
4342,1.0,Notify Tutors
4346,1.0,Notify Tutors
4347,1.0,Notify Tutors
4356,1.0,Notify Tutors
4357,1.0,Notify Tutors
4358,1.0,Notify Tutors
4363,1.0,Notify Tutors
4368,1.0,Notify Tutors
4372,1.0,Notify Tutors
4375,1.0,Notify Tutors
4380,1.0,Notify Tutors
4381,1.0,Notify Tutors
4384,1.0,Notify Tutors
4385,1.0,Notify Tutors
4386,1.0,Notify Tutors
4387,1.0,Notify Tutors
4393,1.0,Notify Tutors
4397,1.0,Notify Tutors
4400,1.0,Notify Tutors
4401,1.0,Notify Tutors
4404,1.0,Notify Tutors
4406,1.0,Notify Tutors
4411,1.0,Notify Tutors
4413,1.0,Notify Tutors
4415,1.0,Notify Tutors
4420,1.0,Notify Tutors
4421,1.0,Notify Tutors
